Thématique Occitanie,Thématique AT 1,Thématique AT 2,Thématique AT 3
Culture,Culture et identité collective / patrimoine / sports,,
Environnement - Climat,Nature / environnement,,
Citoyenneté et démocratie,Citoyenneté,,
Enseignement supérieur - Recherche,Education et renforcement des compétences,Innovation, créativité et recherche,
Solidarités - Santé - Égalités,Solidarités / lien social,,
Aménagement du territoire,Urbanisme / logement / aménagement,,
Économie et vie des entreprises,Développement économique / production et consommation,,
Europe et international,International,,
Agriculture et alimentation,Agriculture et agroalimentaire,,
Formation - Orientation - Éducation,Education et renforcement des compétences,,
Sport,Sports et loisirs,,
Mer,Mers et océans,,
Transport et mobilité,Mobilité / transports,,
Montagne,Montagne,,
Tourisme,Tourisme,,
Sûreté - Sécurité,Sécurité,,