thematique_libelle;sous-thématique PdL
"Ens. supérieur et Recherche";je finance mon séjour étudiant à l'étranger
"Economie et Entreprise;Aménagement des territoires;Ruralité";j'ai besoin d'un financement
"Economie et Entreprise;Aménagement des territoires;Ruralité";j'investis, je digitalise
"Economie et Entreprise;Tourisme;International et Export";je cherche un accompagnement, un conseil
"Economie et Entreprise;Innovation";j'investis, je digitalise
"Culture et Patrimoine;Jeunesse et Lycées";appels a projets
"Transports et Mobilités";mes transports scolaires
"Transports et Mobilités";financer un projet d'écomobilité
"Ens. supérieur et Recherche;Vie Associative et Bénévolat";je finance mes projets d'association étudiants
"Aménagement des territoires;Culture et Patrimoine;Energie et Environnement;Ruralité;Santé;Sport;Tourisme;Transports et Mobilités";departements
"Economie et Entreprise;Agriculture et Pêche;Europe";(installation) je suis pêcheur, aquaculteur
"Economie et Entreprise";j'ai besoin d'un financement
"Formation et Orientation";je trouve une formation
"Economie et Entreprise";j'ai besoin d'un financement
"Economie et Entreprise";j'investis, je digitalise
"Formation et Orientation";je trouve une formation
"Economie et Entreprise";j'investis, je digitalise
"Energie et Environnement;Transports et Mobilités";je développe mon écomobilité
"Formation et Orientation";je me forme dans le sanitaire et sociale
"Agriculture et Pêche";je suis professionnel de la filière forêt-bois
"Vie Associative et Bénévolat;Jeunesse et Lycées";mes actions educatives et civisme
"Vie Associative et Bénévolat;Jeunesse et Lycées";appels a projets
"Vie Associative et Bénévolat;Jeunesse et Lycées";benevolat
"Transports et Mobilités;Jeunesse et Lycées";mes transports scolaires
"Formation et Orientation;Ens. supérieur et Recherche";appels a projets
"Ens. supérieur et Recherche;Economie et Entreprise";J’ai un projet d’entrepreneuriat ou de recherche
"Ens. supérieur et Recherche;Economie et Entreprise";faire un stage de recherche en entreprise / recruter un stagiaire pour un projet de recherche dans mon entreprise
"Europe;Agriculture et Pêche";(installation) je suis pêcheur, aquaculteur
"Economie et Entreprise;Agriculture et Pêche;Europe";je suis professionnel de la filière forêt-bois
"Ens. supérieur et Recherche";faire une thèse de recherche en partenariat avec une thèse d'entreprise
"Formation et Orientation;Emploi";je trouve une formation
"Formation et Orientation";je decouvre les metiers
"Formation et Orientation";je m'informe sur les metiers
"Economie et Entreprise;Formation et Orientation";j'ai besoin d'un financement
"Energie et Environnement;Transports et Mobilités";je développe mon écomobilité
"Ens. supérieur et Recherche";financer mes equipements de recherche
"Agriculture et Pêche";je suis professionnel de la filière forêt-bois
"Formation et Orientation";je me forme dans le sanitaire et sociale
"Economie et Entreprise";je cherche un soutien en tresorerie
"Economie et Entreprise";j'ai besoin d'un financement
"Formation et Orientation;Emploi";je trouve une formation
"Formation et Orientation;Ens. supérieur et Recherche";je decouvre les metiers
"Formation et Orientation;Ens. supérieur et Recherche";je contribue au partage et a la decouverte des sciences
"Formation et Orientation;Ens. supérieur et Recherche";je m'informe sur les metiers
"Energie et Environnement";je développe mon écomobilité
"Formation et Orientation;Jeunesse et Lycées";je trouve une formation
"Transports et Mobilités";departements
"Formation et Orientation;Jeunesse et Lycées";je m'informe sur les metiers
"Formation et Orientation;Jeunesse et Lycées";je decouvre les metiers
"Transports et Mobilités";je développe mon écomobilité
"Formation et Orientation;Emploi";je trouve une formation
"Transports et Mobilités;Jeunesse et Lycées";mes déplacements plus faciles
"Economie et Entreprise";je cherche un soutien en tresorerie
"Economie et Entreprise;Innovation";j'investis, je digitalise
"Vie Associative et Bénévolat";benevolat
"Economie et Entreprise;International et Export";j'ai besoin d'un financement
"Culture et Patrimoine";connaitre
"Economie et Entreprise";je cherche un soutien en tresorerie
"Formation et Orientation";je decouvre les metiers
"Jeunesse et Lycées";mes actions educatives et civisme
"Jeunesse et Lycées";je decouvre les metiers
"Jeunesse et Lycées";je m'informe sur les metiers
"Transports et Mobilités";mes déplacements plus faciles
"Transports et Mobilités";je développe mon écomobilité
"Ens. supérieur et Recherche";je contribue au partage et a la decouverte des sciences
"Ens. supérieur et Recherche";financer mes equipements de recherche
"Formation et Orientation;Emploi";je decouvre les metiers
"Formation et Orientation;Emploi";je m'informe sur les metiers
"Energie et Environnement;Transports et Mobilités";je développe mon écomobilité
"Ens. supérieur et Recherche";je contribue au partage et a la decouverte des sciences
"Transports et Mobilités";je développe mon écomobilité
"Ens. supérieur et Recherche;Economie et Entreprise";J’ai un projet d’entrepreneuriat ou de recherche
"Formation et Orientation";je trouve une formation
