Thématique Welcome Europe,Sous-Thématique AT 1,Sous-Thématique AT 2
Adhésion UE,Culture et identité collective,
Aéronautique & Spatial,Industrie,
Agriculture & Pêche,Agriculture et agroalimentaire,
Agriculture - Pêche,Agriculture et agroalimentaire,
Citoyenneté,Culture et identité collective,
Citoyenneté & Droits Humains,Culture et identité collective,
Commerce & Industrie,Commerces et services,Industrie
Construction BTP,Bâtiments et construction,
Coopération & Développement,International,
Coop. & Développement,International,
Culture Media & Communication,Médias et communication,
Développement Territorial,Commerces et services,Revitalisation
Économie Sociale,Economie sociale et solidaire,
Éducation & Formation,Formation professionnelle,Education et renforcement des compétences
Emploi,Emploi,
Énergie,Transition énergétique,
Environnement & Climat,Biodiversité,
Finance,Fiscalité des entreprises,
Habitat,Logement et habitat,
"Justice, Sécurité, Défense",Sécurité,
Nucléaire,Industrie,
Protection Civile & Risques,Accès aux services,
Recherche & Innovation,"Innovation, créativité et recherche",
Santé,Santé,
Services Aux Organisations,Appui méthodologique,
Sport,Sports et loisirs,
Technologies & Digital,Technologies numériques et numérisation,
Tourisme,Tourisme,
Transport,Transports collectifs et optimisation des trafics routiers,
Jeunesse, Jeunesse,
